Workbook

Sheet Acqua - 5 mesi 23 vs 5 mesi 24
A1: 01/01/2023 - 31/05/2023
A2: Volume acqua prelevata | C2: Volume acqua scaricata | E2: Intensità | I2: Andamento consumo reale dalle fatture
A3: 100 | B3: mc | C3: 100 | D3: mc | E3: 19 | F3: Dipendenti | I3: Inizio Periodo | J3: Fine Periodo | K3: Giorni | L3: Lettura iniziale | M3: Lettura finale | N3: Quantità | O3: Quantità al giorno | P3: Numero dipendenti e collaboratori* | Q3: Stima di un mese | R3: Quantità per dipendente per mese
A4: =A3*1000/100000 -> 1 | B4: Mlitri | C4: =C3*1000/100000 -> 1 | D4: Mlitri | E4: =A3/E3 -> 5.2631579 | F4: Mlitri | I4: N/A | J4: =I5-1 -> 44796 | K4: N/A | L4: N/A | M4: 2091 | N4: N/A | O4: N/A | P4: N/A | R4: N/A
I5: 44797 | J5: =I6-1 -> 45054 | K5: =J5-I5 -> 257 | L5: 2091 | M5: 2217 | N5: =M5-L5 -> 126 | O5: =N5/K5 -> 0.49027237 | P5: 17 | Q5: =O5*30 -> 14.708171 | R5: =Q5/P5 -> 0.86518654
I6: 45055 | J6: =I7-1 -> 45193 | K6: =J6-I6 -> 138 | L6: 2217 | M6: 2290 | N6: =M6-L6 -> 73 | O6: =N6/K6 -> 0.52898551 | P6: 18 | Q6: =O6*30 -> 15.869565 | R6: =Q6/P6 -> 0.88164251
A7: 01/01/2024 - 31/05/2024 - Stimato | I7: 45194 | J7: =I8-1 -> 45400 | K7: =J7-I7 -> 206 | L7: 2290 | M7: 2417 | N7: =M7-L7 -> 127 | O7: =N7/K7 -> 0.61650485 | P7: 19 | Q7: =O7*30 -> 18.495146 | R7: =Q7/P7 -> 0.97342872
A8: Volume acqua prelevata | C8: Volume acqua scaricata | E8: Intensità | I8: 45401 | J8: in corso | K8: N/A | L8: 2417 | M8: N/A | N8: N/A | O8: N/A | P8: 20 | Q8: N/A | R8: N/A
A9: 86 | B9: mc | C9: 86 | D9: mc | E9: 20 | F9: Dipendenti
A10: =A9*1000/100000 -> 0.86 | B10: Mlitri | C10: =C9*1000/100000 -> 0.86 | D10: Mlitri | E10: =A9/E9 -> 4.3 | F10: Mlitri | I10: N/A - Non applicabile o non disponibile
I12: * in attesa di acquisire il dato effettivo del numero di dipendenti e collaboratori in presenza in uffico durante i periodi di riferimento sopracitati

Sheet Consumi Carta 23 vs 24
A1: Consumo Carta 01-01-2024 / 30-06-2024
A2: Tipologia | B2: Quantità | C2: Peso unitario Kg | D2: Peso Totale Kg | E2: Tot Parziale (escludendo asciugamenti e carta ig.) | H2: Consumo 6 mesi 2023 (solo carta per stampanti) | I2: Consumo 6 mesi 2024 (solo carta per stampanti)
A3: Rotoli (carta plotter) | B3: 1 | C3: 3.656 | D3: =B3*C3 -> 3.656 | E3: =SUM(D3:D5) -> 134.556 | H3: =D24/2 -> 185.812 | I3: =E3 -> 134.556
A4: Risma (carta a4) | B4: 40 | C4: 2.38 | D4: =B4*C4 -> 95.2
A5: Risma (carta a4 riciclata) | B5: 15 | C5: 2.38 | D5: =B5*C5 -> 35.7 | H5: =(H3-I3)/H3 -> 0.27584871
A6: Asciugamanti piegati in carta riciclata | B6: 50 | C6: 0.33 | D6: =B6*C6 -> 16.5
A7: Carta ig. in carta riciclata | B7: 20 | C7: 0.5 | D7: =B7*C7 -> 10
A8: Asciugamanti piegati in carta riciclata | B8: 50 | C8: 0.33 | D8: =B8*C8 -> 16.5
A9: Carta ig. in carta riciclata | B9: 10 | C9: 0.5 | D9: =B9*C9 -> 5
A10: Asciugamanti piegati in carta riciclata | B10: 50 | C10: 0.33 | D10: =B10*C10 -> 16.5
A11: Carta ig. in carta riciclata | B11: 10 | C11: 0.5 | D11: =B11*C11 -> 5
A12: Asciugamanti piegati in carta riciclata | B12: 50 | C12: 0.33 | D12: =B12*C12 -> 16.5
A13: Carta ig. in carta riciclata | B13: 20 | C13: 0.5 | D13: =B13*C13 -> 10
A14: Totale | D14: =SUM(D3:D13) -> 230.556
A16: Consumo Carta 2023
A17: Tipologia | B17: Quantità | C17: Peso unitario | D17: Peso Totale Kg
A18: Risma | B18: 35 | C18: 2.38 | D18: =B18*C18 -> 83.3
A19: Rotoli | B19: 4 | C19: 3.656 | D19: =B19*C19 -> 14.624
A20: Risma | B20: 25 | C20: 2.38 | D20: =B20*C20 -> 59.5
A21: Risma | B21: 25 | C21: 2.38 | D21: =B21*C21 -> 59.5
A22: Risma | B22: 50 | C22: 2.38 | D22: =B22*C22 -> 119
A23: Risma | B23: 15 | C23: 2.38 | D23: =B23*C23 -> 35.7
A24: Totale | D24: =SUM(D18:D23) -> 371.624

Sheet Consumo energia 23 vs 24
B1: Energia totale (MWh) | C1: Energia elettrica autoprodotta (MWh) | D1: Energia rinnovabile dal fornitore (MWh) | E1: Rinnovabile totale (MWh) | F1: Percentuale rinnovabile | I1: MWh | J1: Energia elettrica acquistata | K1: Energia elettrica autoprodotta | L1: Energia termica acquistata | M1: Energia Colonnine Elettriche | N1: Energia totale | O1: Totale Parziale I semestre | P1: Di cui rinnovabile /autoprodotta)
A2: 2023 - Q1 | B2: 9.07543 | C2: 0 | D2: =J2*0.47 -> 1.51716 | E2: =D2+K2 -> 1.51716 | F2: =E2/N2 -> 0.16717224 | I2: 2023 - Q1 | J2: =(731+2497)*10^-3 -> 3.228 | K2: 0 | L2: 5.84743 | M2: 0 | N2: =SUM(J2:L2) -> 9.07543 | O2: =SUM(N2:N3) -> 15.63263 | P2: =SUM(K2:K3) -> 0 | Q2: 0
A3: 2023 - Q2 | B3: 6.5572 | C3: 0 | D3: =J3*0.47 -> 1.67508 | E3: =D3+K3 -> 1.67508 | F3: =E3/N3 -> 0.2554566 | I3: 2023 - Q2 | J3: =(1629+1935)*10^-3 -> 3.564 | K3: 0 | L3: 2.9932 | M3: 0 | N3: =SUM(J3:L3) -> 6.5572
A4: 2023 - Q3 | B4: 3.045 | C4: =590*10^-3 -> 0.59 | D4: =J4*0.47 -> 1.15385 | E4: =D4+K4 -> 1.74385 | F4: =E4/N4 -> 0.57269294 | I4: 2023 - Q3 | J4: =(547+902+1006)*10^-3 -> 2.455 | K4: =590*10^-3 -> 0.59 | L4: 0 | M4: 0 | N4: =SUM(J4:L4) -> 3.045
A5: 2023 - Q4 | B5: 13.723 | C5: =(932+1242+1220)*10^-3 -> 3.394 | D5: =J5*0.47 -> 4.85463 | E5: =D5+K5 -> 8.24863 | F5: =E5/N5 -> 0.60108067 | I5: 2023 - Q4 | J5: =(5479+3937+913)*10^-3 -> 10.329 | K5: =(932+1242+1220)*10^-3 -> 3.394 | L5: 0 | M5: 0 | N5: =SUM(J5:L5) -> 13.723
A6: 2024 - Q1 | B6: 17.338646 | C6: =(1209.67+1240.97+1676.59)*10^-3 -> 4.12723 | D6: =J6*0.47 -> 5.4109361 | E6: =D6+K6 -> 9.5381661 | F6: =E6/N6 -> 0.60986263 | I6: 2024 - Q1 | J6: =(5869.33+3388.55+2254.75)*10^-3 -> 11.51263 | K6: =(1209.67+1240.97+1676.59)*10^-3 -> 4.12723 | L6: 0 | M6: =(61.091+810.469+827.226)*10^-3 -> 1.698786 | N6: =SUM(J6:L6) -> 15.63986 | O6: =SUM(N6:N7) -> 24.28052 | P6: =SUM(K6:K7) -> 10.02031 | Q6: =P6/O6 -> 0.41268927
A7: 2024 - Q2 | B7: 10.518911 | C7: =(2010.46+1900.19+1982.43)*10^-3 -> 5.89308 | D7: =J7*0.47 -> 1.2913626 | E7: =D7+K7 -> 7.1844426 | F7: =E7/N7 -> 0.83146919 | I7: 2024 - Q2 | J7: =(1291.06+1077.25+379.27)*10^-3 -> 2.74758 | K7: =(2010.46+1900.19+1982.43)*10^-3 -> 5.89308 | L7: 0 | M7: =(730.053+570.758+577.44)*10^-3 -> 1.878251 | N7: =SUM(J7:L7) -> 8.64066
Q8: Da valutare i consumi da colonnine elettriche se derivano da impianto FV (in caso affermativo % sarà intorno al 40%)

Sheet Consumo carburante 23 vs 24
A1: SCOPE 1 | H1: SCOPE 1 - H&P Primo semestre 2024
A2: Scope | B2: Method | C2: Status | D2: Emissions [tCO2eq] | E2: Share on total [%] | F2: Notes | H2: Fuel | I2: Use | J2: Production Site | K2: Country | L2: Value | M2: UoM - Value | N2: EF | Q2: UoM - EF | R2: Conversion Factor | S2: Emissions [tonCO2eq] | T2: EF Source | U2: CF Source
A3: Scope 1 | B3: Direct Energy Use | C3: DONE | D3: =SUM(S3) -> 0 | E3: =D3/D5 -> 0 | H3: Natural Gas | I3: Heating/Production | J3: La Mercurio | K3: Italy | L3: 0 | M3: sm3 | N3: 2.01574 | Q3: kgCO2eq/m3 | R3: 1 | S3: =N3*L3/1000 -> 0 | T3: DEFRA 2022
A4: Scope 1 | B4: Company Vehicles | C4: DONE | D4: =SUM(X9:X17) -> 5.8012522 | E4: =D4/D5 -> 1 | H4: Diesel | I4: - | J4: La Mercurio | K4: Italy | L4: =P18 -> 1546.87 | M4: L | N4: 2.6988 | Q4: kgCO2eq/L | R4: 1 | S4: =N4*L4/1000 -> 4.1746928 | T4: DEFRA 2022
A5: Total | D5: =SUM(D3:D5) -> 5.8012522 | E5: =SUM(E3:E5) -> 1 | H5: Petrol | I5: - | J5: La Mercurio | K5: Italy | L5: =P19 -> 695.2 | M5: L | N5: 2.34 | Q5: kgCO2eq/L | R5: 1 | S5: =N5*L5/1000 -> 1.626768 | T5: DEFRA 2022
A7: SCOPE 1 + SCOPE 2 I semestre 2024 | H7: SCOPE 1 - Vehicles
A8: Scope | B8: Emissions [tCO2eq] | H8: Country | I8: Size of vehicle | J8: Model of vehicle | K8: Type of property | L8: Calculation Method | M8: Type of Fuel | N8: Quantity of fuel used [L] 2023 | O8: Quantity of fuel used [L] 2023 I semestre 2023 | P8: Quantity of fuel used [L] 2024 (0101/24-30/06/2024) | Q8: Distance travelled [km] | R8: Average money spent on fuel | S8: UoM - Money | T8: EF | U8: UoM - EF | V8: Emissions [tonCO2eq] | W8: Emissions [tonCO2eq] I semestre 2023 | X8: Emissions [tonCO2eq] I semestre 2024 | Y8: EF Source
A9: Scope 1 I semestre 2024 | B9: =D5 -> 5.8012522 | H9: Italy | I9: Average car | J9: BWM | K9: Owned | L9: Fuel-based | M9: Diesel | N9: 117.74 | O9: =N9/2 -> 58.87 | P9: 53.29 | T9: 2.6988 | U9: kgCO2eq/L | V9: =IF(L9="Fuel-based", N9*T9/1000,IF(L9="Distance-based",Q9*T9/1000,R9*T9/1000)) -> 0.31775671 | W9: =V9/2 -> 0.15887836 | X9: =IF(L9="Fuel-based", P9*T9/1000,IF(L9="Distance-based",Q9*T9/1000,R9*T9/1000)) -> 0.14381905 | Y9: DEFRA 2022
A10: Scope 2 (MB) I semestre 2024 | B10: ='Scope 2'!P3 -> 6.5107841 | H10: Italy | I10: Average car | J10: BWM | K10: Owned | L10: Fuel-based | M10: Diesel | N10: 599.07 | O10: =N10/2 -> 299.535 | P10: 113.79 | T10: 2.6988 | U10: kgCO2eq/L | V10: =IF(L10="Fuel-based", N10*T10/1000,IF(L10="Distance-based",Q10*T10/1000,R10*T10/1000)) -> 1.6167701 | W10: =V10/2 -> 0.80838506 | X10: =IF(L10="Fuel-based", P10*T10/1000,IF(L10="Distance-based",Q10*T10/1000,R10*T10/1000)) -> 0.30709645 | Y10: DEFRA 2022
A11: Fatturato | C11: MEuro | H11: Italy | I11: Average car | J11: BWM | K11: Owned | L11: Fuel-based | M11: Diesel | N11: 1842.04 | O11: =N11/2 -> 921.02 | P11: 690.23 | T11: 2.6988 | U11: kgCO2eq/L | V11: =IF(L11="Fuel-based", N11*T11/1000,IF(L11="Distance-based",Q11*T11/1000,R11*T11/1000)) -> 4.9712976 | W11: =V11/2 -> 2.4856488 | X11: =IF(L11="Fuel-based", P11*T11/1000,IF(L11="Distance-based",Q11*T11/1000,R11*T11/1000)) -> 1.8627927 | Y11: DEFRA 2022
A12: Intensity S1+2 | C12: tCO2eq/MEuro | H12: Italy | I12: Average car | J12: BWM | K12: Owned | L12: Fuel-based | M12: Diesel | N12: 744.27 | O12: =N12/2 -> 372.135 | P12: 131.29 | T12: 2.6988 | U12: kgCO2eq/L | V12: =IF(L12="Fuel-based", N12*T12/1000,IF(L12="Distance-based",Q12*T12/1000,R12*T12/1000)) -> 2.0086359 | W12: =V12/2 -> 1.0043179 | X12: =IF(L12="Fuel-based", P12*T12/1000,IF(L12="Distance-based",Q12*T12/1000,R12*T12/1000)) -> 0.35432545 | Y12: DEFRA 2022
H13: Italy | I13: Average car | J13: BWM | K13: Owned | L13: Fuel-based | M13: Diesel | N13: 1625.83 | O13: =N13/2 -> 812.915 | P13: 220.12 | T13: 2.6988 | U13: kgCO2eq/L | V13: =IF(L13="Fuel-based", N13*T13/1000,IF(L13="Distance-based",Q13*T13/1000,R13*T13/1000)) -> 4.38779 | W13: =V13/2 -> 2.193895 | X13: =IF(L13="Fuel-based", P13*T13/1000,IF(L13="Distance-based",Q13*T13/1000,R13*T13/1000)) -> 0.59405986 | Y13: DEFRA 2022
A14: SCOPE 1 + SCOPE 2 2023 I semestre | H14: Italy | I14: Average car | J14: BWM | K14: Owned | L14: Fuel-based | M14: Diesel | N14: 2308.83 | O14: =N14/2 -> 1154.415 | P14: 154.77 | T14: 2.6988 | U14: kgCO2eq/L | V14: =IF(L14="Fuel-based", N14*T14/1000,IF(L14="Distance-based",Q14*T14/1000,R14*T14/1000)) -> 6.2310704 | W14: =V14/2 -> 3.1155352 | X14: =IF(L14="Fuel-based", P14*T14/1000,IF(L14="Distance-based",Q14*T14/1000,R14*T14/1000)) -> 0.41769328 | Y14: DEFRA 2022
A15: Scope | B15: Emissions [tCO2eq] | H15: Italy | I15: Average car | J15: BWM | K15: Owned | L15: Fuel-based | M15: Diesel | N15: 928.76 | O15: =N15/2 -> 464.38 | P15: 183.38 | T15: 2.6988 | U15: kgCO2eq/L | V15: =IF(L15="Fuel-based", N15*T15/1000,IF(L15="Distance-based",Q15*T15/1000,R15*T15/1000)) -> 2.5065375 | W15: =V15/2 -> 1.2532687 | X15: =IF(L15="Fuel-based", P15*T15/1000,IF(L15="Distance-based",Q15*T15/1000,R15*T15/1000)) -> 0.49490594 | Y15: DEFRA 2022
A16: Scope 1 | B16: =32.93714585/2 -> 16.468573 | H16: Italy | I16: Average car | J16: BWM | K16: Owned | L16: Fuel-based | M16: Plug-in Hybrid | N16: 291.54 | O16: =N16/2 -> 145.77 | T16: 2.6988 | U16: kgCO2eq/L | V16: =IF(L16="Fuel-based", N16*T16/1000,IF(L16="Distance-based",Q16*T16/1000,R16*T16/1000)) -> 0.78680815 | W16: =V16/2 -> 0.39340408 | Y16: DEFRA 2022
A17: Scope 2 (MB) | B17: =8.93781432/2 -> 4.4689072 | H17: Italy | I17: Average car | J17: BWM | K17: Owned | L17: Fuel-based | M17: Petrol | N17: 3608.78 | O17: =N17/2 -> 1804.39 | P17: 695.2 | T17: 2.3397 | U17: kgCO2eq/L | V17: =IF(L17="Fuel-based", N17*T17/1000,IF(L17="Distance-based",Q17*T17/1000,R17*T17/1000)) -> 8.4434626 | W17: =V17/2 -> 4.2217313 | X17: =IF(L17="Fuel-based", P17*T17/1000,IF(L17="Distance-based",Q17*T17/1000,R17*T17/1000)) -> 1.6265594 | Y17: DEFRA 2022
A18: Fatturato | C18: MEuro | N18: Tot Diesel | O18: =SUM(O9:O15) -> 4083.27 | P18: =SUM(P9:P15) -> 1546.87 | V18: Tot Diesel | W18: =SUM(W9:W15) -> 11.019929 | X18: =SUM(X9:X15) -> 4.1746928
A19: Intensity S1+2 | C19: tCO2eq/MEuro | N19: Tot Petrol | O19: =SUM(O17) -> 1804.39 | P19: =SUM(P17) -> 695.2 | V19: Tot Petrol | W19: =W17 -> 4.2217313 | X19: =X17 -> 1.6265594
A26: Emissioni di Scope 1 e Scope 2 - I semestre 2023 e 2024
A27: Scope | B27: Emissioni 2023 [tCO2eq] | C27: Emissioni 2024 [tCO2eq] | D27: Percentuale di differenza
A28: Scope 1 | B28: =32.93714585/2 -> 16.468573 | C28: 5.8012522 | D28: =(B28-C28)/B28 -> 0.64773801
A29: Scope 2 (Market Based) | B29: =8.93781432/2 -> 4.4689072 | C29: 6.5107841 | D29: =(B29-C29)/B29 -> -0.45690744
A30: Totale | B30: =SUM(B28:B29) -> 20.93748 | C30: =SUM(C28:C29) -> 12.312036 | D30: =(B30-C30)/B30 -> 0.41196189

Sheet Calcolo per scope 2
A1: Consumi carburanti auto | F1: Consumo colonnine | I1: Forniture Energia Elettrica | L1: Produzione - fotovoltaico 2024 | O1: Consumi gas metano | T1: 2024 I semestre
A2: Auto | B2: Tipo | C2: Litri | D2: Tot Gasolio | E2: Tot Benzina | F2: 2024 | I2: 2024 | L2: Esportata | O2: Riscaldamento | T2: Consumo di combustibili
A3: 1 | B3: Gasolio | C3: 53.29 | D3: litri | E3: litri | F3: =SUM('Consumo energia 23 vs 24'!M6:M7)*1000 -> 3577.037 | G3: KWh | I3: =SUM('Consumo energia 23 vs 24'!J6:J7)*1000 -> 14260.21 | J3: KWh | L3: 0 | M3: kWh | P3: Smc | T3: Non rinnovabili | U3: =SUM(D8+E8) -> 75746.041 | V3: MJ
A4: 2 | B4: Gasolio | C4: 113.79 | D4: =SUMIF($B3:$B11,"Gasolio",$C3:$C11) -> 1546.87 | E4: =SUMIF($B3:$B11,"Benzina",$C3:$C11) -> 695.2 | F4: =F3*I17 -> 12877.333 | G4: MJ | I4: =I3/1000 -> 14.26021 | J4: MWh | L4: Autoconsumo | O4: =O3*O17 -> 0 | P4: MWh | T4: Rinnovabili | U4: =F4 -> 12877.333 | V4: MJ
A5: 3 | B5: Gasolio | C5: 690.23 | D5: km | E5: km | L5: =SUM('Consumo energia 23 vs 24'!K6:K7)*1000 -> 10020.31 | M5: kWh | T5: Consumo di energia
A6: 4 | B6: Gasolio | C6: 131.29 | L6: Esportata | T6: Energia elettrica | U6: =I4+L9 -> 24.28052 | V6: MWh
A7: 5 | B7: Gasolio | C7: 220.12 | D7: MJ | E7: MJ | L7: =L3/10^3 -> 0 | M7: MWh | T7: Energia di riscaldamento | U7: =O4 -> 0 | V7: MWh
A8: 6 | B8: Gasolio | C8: 154.77 | D8: =D4*M17 -> 55017.513 | E8: =E4*K17 -> 20728.528 | L8: Autoconsumo | T8: Energia di raffreddamento | U8: =0 -> 0 | V8: MWh
A9: 7 | B9: Gasolio | C9: 183.38 | L9: =L5/10^3 -> 10.02031 | M9: MWh | T9: Vapore | U9: =0 -> 0 | V9: MWh
A10: 8 | B10: Gasolio | T10: Vendita di energia
A11: 8 | B11: Benzina | C11: 695.2 | T11: Energia elettrica | U11: =L7 -> 0 | V11: MWh
T12: Energia di riscaldamento | U12: =0 -> 0 | V12: MWh
A13: Fonti | T13: Energia di raffreddamento | U13: =0 -> 0 | V13: MWh
A14: kg to kcal | B14: Potere calorifico - ENEA - Dipartimento Unità per l'efficienza energetica | E14: kg to lit | F14: https://www.ingdemurtas.it/tabelle/potere-calorifico/ | G14: kcal to kWh | I14: kWh to MJ | K14: lit to kWh | O14: Smc to MWh | T14: Vapore | U14: =0 -> 0 | V14: MWh
A15: Benzina | C15: Gasolio | E15: Combustibile | F15: Densitá [kg/litro] | K15: Benzina | N15: Gasolio | O15: Gas metano | T15: Consumo totale di energia interno
A16: 1 | B16: kg | C16: 1 | D16: kg | E16: Gasolio | F16: 0.835 | G16: 1 | H16: kcal | I16: 1 | J16: kWh | K16: 1 | L16: lit | M16: 1 | N16: lit | O16: 1 | P16: Smc | T16: Energia totale consumata | U16: =SUM(U6:U9)+(SUM(U3:U4)/(I17*1000)) -> 48.898124 | V16: MWh
A17: 10500 | B17: kcal | C17: 10200 | D17: MJ | E17: Benzina | F17: 0.68 | G17: 0.00116 | H17: kWh | I17: 3.6 | J17: MJ | K17: =(A17*F17)*G17*I17 -> 29.81664 | L17: MJ | M17: =C17*F16*G17*I17 -> 35.566992 | N17: MJ | O17: =10.69/10^3 -> 0.01069 | P17: MWh | T17: Consumo totale di energia esterno
T18: Energia totale venduta | U18: =SUM(U11:U14) -> 0 | V18: MWh
T19: Intensità energetica interna
T20: Intensità energetica | U20: 0 | V20: MWh/MEuro
T21: Denominatore: Fatturato | U21: 0 | V21: MEuro
T22: Riduzioni - dall'anno prossimo
T23: N/A | V23: MWh
T25: Riduzioni requisiti energetici prodotti e servizi - dal prossimo futuro
T26: N/A

Sheet Scope 2
A1: SCOPE 2 | I1: Purchased Energy - 2024 I semestre
A2: Scope | B2: Level | C2: Status | D2: Emissions [tCO2eq] | E2: Notes | I2: Production Site | J2: Country | K2: Purchased electricity [KWh] | L2: of which renewable (certified) [kWh] | M2: Location-based EF [kgCO2/kWh] | N2: Market-based EF [kgCO2/kWh] | O2: Emissions (LB) [tonCO2eq] | P2: Emissions (MB) [tonCO2eq] | Q2: EF Source
A3: Scope 2 | B3: Location Based | C3: DONE | D3: =O3 -> 4.3757454 | I3: La Mercurio | J3: Italy | K3: ='Calcolo per scope 2'!I3 -> 14260.21 | L3: 0 | M3: 0.30685 | N3: 0.45657 | O3: =K3*M3/1000 -> 4.3757454 | P3: =(K3-L3)*N3/1000 -> 6.5107841 | Q3: AIB 2022
A4: Scope 2 | B4: Market Based | C4: DONE | D4: =P3 -> 6.5107841
